id,fullname,email,Birthday,reg_date,password,img_profile
1,Min YoonGi,MYG@gmail.com,1/27/2001,12/26/2021,1234567,gel_rua_tay.JPG
2,Kim Taehyung,KTH@gmail.com,1/28/2001,12/27/2021,1234567,gel_rua_tay.JPG
3,Kim SeokJin,KSJ@gmail.com,1/29/2001,12/28/2021,1234567,gel_rua_tay.JPG
4,Kim Nam Joon,KNJ@gmail.com,1/30/2001,12/29/2021,1234567,gel_rua_tay.JPG
5,Jung Ho Seok,JHS@gmail.com,1/31/2001,2/1/2022,1234567,gel_rua_tay.JPG
6,Thanh Thu,TThu@gmail.com,2/1/2001,2/2/2022,1234567,gel_rua_tay.JPG
7,Betty,Betty@gmail.com,2/2/2001,2/3/2022,1234567,gel_rua_tay.JPG
8,Quan AP,QuanAP@gmail.com,2/3/2001,2/4/2022,1234567,gel_rua_tay.JPG
9,Baby Shark,BShark@gmail.com,2/4/2001,2/5/2022,1234567,gel_rua_tay.JPG
10,Park Jimin,jimin@gmail.com,1/26/2001,12/25/2021,1234567,gel_rua_tay.JPG
